state_code,cve_ent,estado,region,pobreza_pct,pobreza_extrema_pct,vulnerable_carencias_pct,no_pobre_no_vulnerable_pct,rezago_educativo_pct,carencia_salud_pct,carencia_servicios_basicos_pct,ingreso_inferior_lp_pct,pib_total,pib_per_capita,poblacion_total,poblacion_edad_laboral_pct,poblacion_economicamente_activa_pct,poblacion_afiliada_imss_pct,personas_usuarias_computadora_pct,personas_usuarias_internet_pct,personas_conexion_internet_movil_pct,personas_usan_redes_sociales_pct,personas_compras_internet_pct,personas_pagos_internet_pct,personas_banca_electronica_pct,personas_con_celular_pct,personas_usuarias_celular_pct,personas_con_smartphone_pct,personas_conexion_datos_celular_pct,personas_usan_apps_redes_sociales_pct,personas_usan_banca_movil_pct,teledensidad_internet_movil,localidades_con_cobertura_movil_pct,poblacion_en_localidades_con_cobertura_movil_pct,localidades_con_4g_garantizada_pct,poblacion_en_localidades_con_4g_garantizada_pct,localidades_con_5g_garantizada_pct,poblacion_en_localidades_con_5g_garantizada_pct,hogares_en_localidades_con_internet_pct,poblacion_en_localidades_con_internet_pct,hogares_con_internet_pct,uso_internet_educacion_pct,uso_internet_gobierno_pct,escolaridad_promedio_anios,analfabetismo_15ymas_pct,sin_escolaridad_15ymas_pct,posbasica_18ymas_pct,pob_0_14_pct,pob_15_64_pct,pob_65_mas_pct,localidades_total,irs_indice,viv_sin_agua_pct,viv_sin_drenaje_pct,viv_sin_luz_pct,sin_derechohabiencia_pct,ookla_velocidad_avg_mbps,ookla_cobertura_4g_pct,brecha_4g_pp
AGS,01,Aguascalientes,Bajio,23.7223,1.7586,29.8944,37.1289,16.4998,26.194,2.4658,32.9767,328087.965,230.1391,1425607.0,66.0655,49.588,54.7504,39.14,87.74,43.59,77.26,39.1,33.99,29.2,86.12,87.08,85.33,58.73,65.24,29.42,91.0,98.2119,99.2606,96.9156,98.8342,8.3766,19.7569,93.3,92.31,82.4,81.2,34.0,9.2364,3.1138,3.1564,36.1654,30.0776,63.2857,6.5355,2022.0,-1.024,1.0481,1.5995,0.7378,17.515,53.6883,50.1799,1.9186
BCN,02,Baja California,Noroeste,13.3708,1.3059,38.0503,43.1717,15.547,28.4101,4.0521,18.778,947677.009,251.4386,3769020.0,69.9709,53.3533,52.9456,37.95,86.38,53.35,76.41,31.76,33.78,19.56,90.72,90.26,86.21,72.17,66.43,34.44,107.0,92.1061,99.5663,89.2075,99.4688,13.6315,68.332,97.69,97.29,81.6,76.0,30.4,9.7083,2.9014,4.4014,45.3263,24.4254,68.7101,6.6526,5545.0,-0.832,5.1872,9.6834,1.7967,22.2505,58.6871,33.1571,10.2613
BCS,03,Baja California Sur,Noroeste,13.329,0.7617,37.71,44.3967,14.1839,17.3367,9.9279,17.8933,187152.161,234.3952,798447.0,68.7634,53.5139,51.2064,40.38,90.43,53.45,83.6,38.62,36.38,16.13,89.92,91.66,89.14,75.4,71.6,40.84,120.0,58.4068,96.7856,42.31,95.4462,3.6857,36.7124,95.58,94.72,80.4,83.2,28.5,9.926,2.8655,4.1465,48.6373,24.9301,67.8508,6.9298,2543.0,-0.8262,3.7928,4.3292,1.4638,14.6404,56.5135,33.9021,53.1362
CAM,04,Campeche,Sureste,45.1294,9.643,27.7007,21.2748,20.312,34.5696,34.871,51.0245,473399.457,509.9293,928363.0,66.0424,49.8304,31.0424,33.71,84.14,52.25,76.19,24.95,24.7,4.5,76.82,86.28,83.9,69.16,65.18,32.96,109.0,72.8451,87.2959,67.7584,86.0843,0.0523,13.4778,78.37,76.37,71.5,85.7,30.4,8.695,8.1808,9.4774,35.4686,28.1168,63.9295,7.7722,2762.0,-0.3634,6.3302,9.1095,1.97,21.6472,44.239,55.1634,18.3259
CHH,08,Chihuahua,Norte,17.5722,2.0961,30.1221,44.3411,16.0886,21.4914,4.7382,25.5367,930854.91,248.7674,3741869.0,67.1575,49.8046,54.6051,42.35,85.23,53.8,78.36,40.01,35.54,22.43,84.7,86.65,83.45,67.93,67.06,32.5,105.0,70.2128,78.8868,55.331,72.6566,1.2138,7.8128,92.94,91.93,77.6,81.9,38.4,7.6816,7.4719,8.2668,25.0986,26.4877,61.7917,11.6143,12186.0,-0.0221,4.0853,12.5674,5.7379,14.0218,40.8772,41.448,17.3256
CHP,07,Chiapas,Sureste,67.3708,28.2125,21.8887,8.0717,31.1069,66.0662,50.831,70.0396,389794.852,70.3115,5543828.0,61.2731,45.1194,12.1339,23.5,64.92,33.3,57.44,14.85,13.64,6.58,63.09,73.17,68.04,46.84,47.01,16.61,70.0,90.5195,91.6301,80.8936,85.8518,0.2896,2.5867,57.9,53.35,50.7,77.5,23.2,6.9324,16.3927,15.8567,23.1579,33.8383,59.4804,6.3926,21157.0,0.7055,10.277,9.7936,1.9809,27.9297,33.7251,45.3294,4.9582
CMX,09,Ciudad de Mexico,Centro,23.9676,1.7126,26.7409,41.0921,9.6995,28.7459,3.3896,32.167,3885956.593,421.9305,9209944.0,70.8521,55.3745,42.1452,52.76,87.93,54.21,81.47,39.28,39.68,17.1,87.39,90.05,88.48,73.61,67.52,37.03,125.0,99.3803,99.9996,98.0252,99.9994,63.6678,86.3907,99.9,99.88,84.4,82.2,40.5,11.5862,1.4172,1.9889,63.6065,17.9868,70.9448,10.9382,634.0,-1.2981,1.756,0.2528,0.0936,26.358,51.9569,35.7322,1.9742
COA,05,Coahuila,Noreste,18.2433,1.7962,24.1203,47.0562,13.453,19.6773,3.381,28.8235,922286.189,293.0897,3146771.0,66.3138,47.1892,66.2808,40.49,88.15,46.97,79.81,37.48,32.17,23.94,87.79,91.33,89.02,68.4,70.4,31.16,108.0,86.5736,96.6334,79.3938,95.4792,6.1146,21.3689,94.84,94.39,83.1,84.9,26.7,9.1876,2.8644,3.2271,35.3643,27.0296,64.013,8.8341,4034.0,-1.062,1.8329,3.7505,0.7355,21.6547,53.0049,38.7209,16.0853
COL,06,Colima,Occidente,20.5472,1.2116,31.8597,40.8059,15.6373,21.9358,4.783,27.3345,157139.889,214.8507,731391.0,67.6123,52.8639,49.5281,43.93,87.82,54.48,80.23,38.22,33.21,21.31,87.05,90.98,88.93,69.93,68.41,32.17,108.0,95.9096,98.8581,90.9835,97.6631,7.2207,40.0874,96.72,96.3,77.1,87.7,34.7,9.214,4.5869,5.3,40.3357,24.0691,66.1706,9.4596,1226.0,-0.7846,1.2795,1.0951,0.9035,14.7354,58.4279,24.2296,6.6796
DUR,10,Durango,Norte,34.3111,6.302,28.1554,28.3619,17.868,30.1584,9.6992,43.4827,323802.357,176.6853,1832650.0,63.9854,44.65,40.6332,37.4,82.85,54.88,76.22,31.64,26.47,12.35,85.8,89.05,85.8,67.44,65.6,24.65,105.0,63.3631,73.8454,51.3546,65.6657,0.5075,5.9453,82.75,81.0,63.9,83.6,28.5,8.1941,4.6419,4.9681,26.6068,29.0921,60.384,10.4522,5890.0,-0.3925,3.5916,10.0516,3.3664,25.0069,38.5628,48.5419,14.3111
GRO,12,Guerrero,Sur,60.3547,22.23,26.2094,10.0681,28.8152,52.7395,53.9169,63.7225,314019.724,88.689,3540685.0,61.4157,46.1828,14.2918,24.75,77.48,46.51,71.72,20.88,18.07,7.72,74.93,83.35,80.98,60.52,60.11,17.42,95.0,77.844,86.9521,71.0884,82.9942,1.5574,3.2766,69.24,66.51,58.9,82.1,35.0,7.0904,17.7219,16.2765,26.1648,31.7352,58.4312,9.6539,6769.0,0.9213,13.9682,19.4241,2.6069,22.7806,39.9934,34.6085,11.9058
GUA,11,Guanajuato,Bajio,33.0343,3.2402,34.0723,24.5415,22.8444,33.1531,9.3568,41.3862,1170675.898,189.8311,6166934.0,65.7089,48.6001,36.6318,32.62,78.84,41.38,67.21,26.98,19.99,12.9,81.85,84.53,82.2,57.47,54.49,18.2,89.0,93.8701,96.6283,90.9412,95.0715,4.3952,18.4471,83.16,82.46,75.3,81.1,28.7,8.1567,7.6274,9.0916,28.282,27.2907,63.6244,8.9443,8809.0,-0.5668,3.6567,5.9075,0.865,18.4294,35.7231,45.8294,4.1303
HID,13,Hidalgo,Centro,40.999,6.7787,36.972,16.9536,19.996,50.4086,24.4624,46.0745,454116.317,147.3045,3082841.0,65.6366,48.7331,24.1401,39.55,83.21,54.6,73.93,27.45,27.25,11.17,83.5,88.85,85.13,69.44,65.46,27.43,110.0,95.8362,96.9949,88.6455,92.8302,4.6005,8.2209,67.81,66.83,70.2,85.9,36.6,8.4469,9.3326,8.5024,31.7475,26.3265,63.5677,10.0832,4690.0,-0.327,5.7698,7.9317,1.3873,27.7324,39.5875,42.3589,4.1848
JAL,14,Jalisco,Occidente,21.8362,2.1237,37.7998,33.0449,20.4422,37.1307,4.1523,29.1554,1864059.172,223.2901,8348151.0,65.9671,50.8383,49.706,41.01,87.69,49.69,79.3,34.94,31.9,10.9,87.37,88.89,86.47,67.63,68.48,26.04,108.0,89.4446,94.8962,77.4979,90.4977,4.3241,7.7305,93.77,93.32,80.9,81.0,31.2,8.1638,5.78,6.4079,29.4317,27.3862,61.8344,10.7249,10348.0,-0.7166,1.7245,2.8733,1.2678,27.5518,50.4759,36.9803,12.9998
MEX,15,Estado de Mexico,Centro,42.8755,5.96,23.4499,23.6014,16.3426,44.1544,9.4612,52.9487,2313164.328,136.1292,16992418.0,68.2879,50.2837,35.2121,37.16,86.02,37.02,78.04,25.91,25.52,16.63,83.38,86.74,85.3,65.2,58.43,23.74,107.0,99.0664,99.5929,95.9036,98.2203,10.3183,18.0512,93.83,93.18,76.7,84.1,37.1,9.2666,4.7677,4.9466,39.3616,27.1102,65.8107,7.051,4894.0,-0.6078,4.1265,5.8066,0.7435,30.0671,38.2643,40.1683,2.3167
MIC,16,Michoacan,Occidente,41.7363,7.5261,36.3391,17.2863,28.9364,51.2139,21.7857,46.3746,681445.83,143.4971,4748846.0,63.6815,48.3498,25.4176,32.24,82.5,53.76,72.91,29.44,24.8,8.41,81.42,88.25,85.03,65.45,63.49,22.98,104.0,91.6001,96.0182,81.826,92.1741,3.7316,10.1071,82.29,81.35,67.7,78.3,23.4,7.4118,9.5961,10.2951,24.9396,28.1808,61.3481,10.4191,8644.0,-0.3466,3.0461,6.3228,0.966,37.8694,53.5698,37.2869,10.3481
MOR,17,Morelos,Centro,41.0559,5.8455,30.8426,21.3802,17.898,46.4475,17.4311,47.7772,271218.84,137.5684,1971520.0,66.5777,51.6347,31.2731,33.24,84.21,46.93,74.89,27.07,25.64,15.46,86.36,88.41,85.91,68.54,61.73,23.21,108.0,99.3451,99.829,98.5594,99.5902,8.9999,23.0075,96.67,96.53,74.4,80.6,32.9,9.0547,5.6302,6.0184,37.8554,25.381,65.3609,9.2238,1578.0,-0.5401,6.7422,4.5086,0.6265,25.9508,48.8234,41.0236,1.0308
NAY,18,Nayarit,Occidente,29.3132,6.4292,37.4273,27.266,20.3332,34.0886,14.3869,35.3068,159749.672,129.3042,1235456.0,64.2445,49.3385,37.581,31.42,83.0,63.6,76.31,29.8,23.11,9.32,84.4,87.56,83.44,70.32,65.19,24.85,107.0,85.6162,92.6899,76.0723,88.2968,1.9331,8.335,85.33,83.59,66.9,82.5,26.1,8.68,6.7332,6.9756,36.2345,28.071,61.5024,10.3332,2850.0,-0.2658,4.681,8.4246,4.0162,19.7909,51.0825,37.3349,12.2245
NLE,19,Nuevo Leon,Noreste,16.0404,1.0718,28.4383,45.8834,13.5155,22.8339,3.8075,25.6782,2059995.565,356.1269,5784442.0,68.2529,49.4776,62.1688,41.76,86.69,36.51,76.8,34.84,35.01,27.83,88.39,89.57,87.67,62.32,66.58,33.79,97.0,93.4548,97.2444,86.5587,95.7719,15.9488,30.8053,97.16,97.14,83.7,79.9,28.6,8.9331,3.4101,3.9793,34.1395,24.7388,63.7487,11.357,4822.0,-0.9074,3.3599,5.3813,0.8645,14.6352,54.7954,44.352,9.2132
OAX,20,Oaxaca,Sur,58.4403,20.2324,29.178,9.3981,29.1302,65.7087,55.1704,61.4238,467374.413,113.1069,4132148.0,62.4612,44.1802,14.1199,24.33,69.24,39.44,61.43,17.95,17.14,6.25,71.27,75.81,73.01,49.06,51.02,15.52,77.0,87.7874,90.4732,85.7412,89.2365,4.0721,4.0439,56.2,55.08,55.5,75.0,31.8,6.9754,14.4832,12.0554,20.7848,27.5076,59.4203,12.9797,10723.0,0.7014,7.9183,29.0304,2.4447,24.0675,32.807,35.5393,3.4954
PUE,21,Puebla,Centro,54.0173,11.4016,25.0899,14.158,21.8983,48.2832,27.0781,60.7521,882359.631,134.0304,6583278.0,65.0261,48.5794,21.9561,31.54,78.0,43.36,71.45,23.69,21.83,12.73,80.02,85.49,80.07,62.35,58.66,18.39,93.0,95.4747,96.9543,91.9078,95.0895,6.6039,8.4991,79.42,78.36,61.8,79.9,32.1,7.4354,12.1142,10.8407,26.1985,28.9284,61.1649,9.8665,6568.0,0.1937,6.49,8.5633,1.3865,23.6873,43.0635,37.4887,3.1816
QUE,22,Queretaro,Bajio,21.6907,1.7179,36.3613,34.4141,17.61,30.4315,7.8119,29.2247,621620.129,262.4567,2368467.0,68.3432,52.0624,47.3413,42.3,85.0,41.7,74.18,33.84,33.21,18.29,84.76,86.68,83.86,66.58,60.52,30.02,103.0,94.6853,95.8006,87.8715,91.2678,5.5282,17.1574,84.62,82.86,79.5,82.0,36.9,8.6056,7.3537,8.4855,32.4254,28.3641,63.8134,7.7162,2192.0,-0.4045,6.1262,7.2008,1.6612,18.9142,44.7546,29.6496,3.3963
ROO,23,Quintana Roo,Sureste,26.966,4.1515,35.6751,31.3688,16.5229,32.3707,22.4838,32.9561,383116.448,206.2,1857985.0,69.8516,54.1887,44.5387,42.41,90.69,54.43,81.97,34.42,28.62,13.06,89.17,92.47,91.05,74.87,66.75,35.13,111.0,77.2545,93.015,63.6094,91.4967,1.9979,33.2836,94.2,93.17,82.3,81.4,37.6,9.3609,5.5428,6.0812,41.4323,26.9544,67.1888,5.3756,2207.0,-0.5875,2.4846,5.6321,2.0385,25.1687,56.167,38.3817,27.8873
SIN,25,Sinaloa,Noroeste,21.6388,1.808,35.5263,36.1653,17.0028,26.5751,9.6807,28.3084,514385.484,169.9356,3026943.0,66.335,48.752,50.1144,39.97,87.83,59.04,81.72,36.83,32.1,17.21,89.27,90.68,86.83,70.22,72.54,32.22,109.0,88.3946,93.7464,78.8271,90.708,1.145,14.7424,86.29,84.89,78.9,81.4,29.2,8.9117,6.0485,6.272,39.9074,26.1141,63.2702,10.5881,5495.0,-0.5929,2.9299,6.4934,1.2189,16.0091,43.6173,36.4053,11.8809
SLP,24,San Luis Potosi,Centro,35.5228,7.4127,28.4539,29.2958,20.5577,34.5504,23.9259,42.2503,579636.262,205.3805,2822255.0,65.1929,48.2546,39.5595,32.95,79.65,57.48,72.59,28.58,25.53,7.53,81.7,86.14,81.22,65.83,65.44,23.48,103.0,86.6433,92.4894,75.8522,86.2761,2.0088,8.9967,73.6,72.0,65.5,79.3,34.3,7.9019,8.6723,8.7196,25.9065,27.5199,61.1149,11.3246,6554.0,-0.0083,14.3788,18.8173,2.6875,16.4391,29.7025,54.318,10.4239
SON,26,Sonora,Noroeste,21.6931,1.7072,32.6904,39.4633,14.5653,24.4289,9.1916,27.8463,822556.904,279.3214,2944840.0,67.2861,49.1921,53.635,42.41,91.34,67.11,86.45,39.43,36.66,8.45,92.24,93.08,90.48,81.24,77.88,39.98,128.0,83.6853,95.3087,73.3369,92.7409,0.4246,8.3949,93.84,92.87,84.4,83.6,35.1,8.7261,3.1926,3.3976,32.335,24.2757,62.8552,12.8062,7300.0,-0.7937,1.5047,5.2423,1.9078,22.0881,49.0547,52.1969,19.404
TAB,27,Tabasco,Sureste,46.4741,11.1566,33.6348,16.3124,17.9338,44.8,43.9413,50.0527,605206.515,251.8967,2402598.0,65.5728,48.8019,20.7602,33.94,83.52,54.0,77.1,29.09,28.3,13.68,80.99,88.35,84.93,64.65,63.83,35.0,106.0,93.7854,96.5428,86.5332,92.7577,1.7842,6.5703,64.99,63.3,71.7,84.0,39.9,9.2071,6.0257,5.5926,40.9502,27.8156,64.6978,7.4588,2472.0,-0.674,7.0327,3.3014,0.9454,29.9842,50.7275,34.1982,6.2245
TAM,28,Tamaulipas,Noreste,26.8227,2.8598,27.7527,34.7248,16.0956,27.9477,6.8114,37.5226,764735.773,216.7781,3527735.0,67.018,49.2434,47.3466,37.84,87.74,42.64,82.0,36.26,32.08,25.01,88.11,90.44,87.47,73.69,69.58,31.0,112.0,93.4427,95.0409,83.688,91.341,6.5236,21.1903,93.65,93.45,74.9,82.0,32.8,8.4167,5.4004,5.7371,31.0222,24.9394,62.7332,12.2311,6566.0,-0.4536,7.7998,22.4914,2.1625,14.9782,47.2935,39.6838,7.653
TLA,29,Tlaxcala,Centro,52.52,6.7536,20.9559,16.0953,16.1424,45.2309,8.0608,62.9488,151512.669,112.8185,1342977.0,65.1355,47.5326,24.0502,38.25,82.23,55.56,75.8,23.44,20.36,14.08,81.02,86.8,83.44,67.46,66.83,21.3,112.0,99.9534,99.9798,98.3289,99.8661,21.1385,31.0123,92.95,92.81,61.5,85.8,35.5,9.5418,3.5613,3.6831,40.2418,26.2151,64.3353,7.7013,1175.0,-0.6881,0.9673,2.2455,0.6051,24.4809,47.5391,34.7065,1.5372
VER,30,Veracruz,Oriente,51.7324,13.1412,26.7388,15.578,25.4997,49.2191,37.3542,57.6832,1094822.174,135.7906,8062579.0,65.589,47.7666,28.1172,26.79,77.17,48.39,69.28,22.67,19.93,12.13,79.18,84.35,81.08,56.02,56.9,21.63,89.0,95.4905,96.7871,90.8115,93.9851,7.5151,11.7673,71.34,69.26,64.0,76.3,31.9,7.5171,12.516,11.8536,28.9574,26.2079,63.6499,10.1211,19845.0,0.2129,10.7326,14.792,1.8924,25.7377,37.4199,42.2031,3.1736
YUC,31,Yucatan,Sureste,38.7726,5.604,30.2348,24.0506,21.2201,35.1273,34.7609,45.7145,402785.746,173.5474,2320898.0,67.3694,49.9929,42.2462,38.24,85.96,55.41,78.38,38.17,32.26,18.75,82.82,87.91,85.71,68.96,69.54,33.54,104.0,93.3715,98.8393,90.3597,98.5891,0.2929,1.8318,88.41,87.29,73.9,84.2,37.2,7.6934,10.5564,9.3204,26.3455,25.9297,64.4943,9.4909,2434.0,-0.0843,1.6595,16.2268,1.5945,18.3592,50.1136,42.4579,8.2294
ZAC,32,Zacatecas,Centro-Norte,44.2159,5.1253,26.4272,20.5336,20.7249,36.721,7.3511,53.0392,240511.776,148.2684,1622138.0,62.8637,43.2165,32.455,32.55,85.05,55.99,77.5,27.3,23.6,7.17,81.25,84.83,81.86,62.63,67.62,21.98,97.0,85.8388,92.4212,78.3177,89.4486,0.9951,4.156,78.56,77.9,78.2,81.9,24.2,8.2783,5.0862,5.5518,27.6787,28.1384,60.3938,11.3967,4498.0,-0.7936,2.0743,4.4743,0.9318,21.0743,36.1713,42.9484,11.1309
